pricing_now,pricing_was,pricing_savePercent,pricing_unit_quantity,pricing_unit_ofMeasureQuantity,pricing_unit_ofMeasureUnits,pricing_unit_price,pricing_unit_ofMeasureType,pricing_comparable,pricing_promotionUri,pricing_onlineSpecial,availability,imageUris_0_altText,imageUris_0_type,imageUris_0_uri,locations_0_aisleSide,locations_0_description,locations_0_facing,locations_0_aisle,locations_0_order,locations_0_indoorCoordinates_productX,locations_0_indoorCoordinates_productY,id,name,brand,restrictions,description,size,isWeightRangeApplied,pricing_promotionType,pricing_endsIn,locations_1_aisleSide,locations_1_description,locations_1_facing,locations_1_aisle,locations_1_order,locations_1_indoorCoordinates_productX,locations_1_indoorCoordinates_productY,multiBuyPromotion_type,multiBuyPromotion_id,multiBuyPromotion_minQuantity,multiBuyPromotion_reward,multiBuyPromotion_unitPriceDisplay,pricing_priceDescription
6.5,0.0,0,8,1,ea,0.81,ea,$0.81/ 1ea,,False,available,,default,/5/5194822.jpg,Back of Store,Located in Aisle 4 at $STORE,1,Aisle 4,4.0,3079.79,1487.13,5194822,Italian Espresso Style Coffee Bags 8 Pack,Robert Timms,,ROBERT TIMMS ITALIAN ESPRESSO COFFEE BAGS 8 PACK,45g,False,,,,,,,,,,,,,,,
7.0,0.0,0,100,1,ea,0.07,ea,$0.07/ 1ea,,False,available,,default,/3/3081315.jpg,Back of Store,Located in Aisle 4 at $STORE,1,Aisle 4,4.0,3079.79,1853.13,3081315,English Breakfast Black Tea Bags,Lipton,,LIPTON ENGLISH BREAKFAST TEA 100 PACK,100 Pack,False,,,,,,,,,,,,,,,
13.0,0.0,0,20,1,ea,0.65,ea,$0.65/ 1ea,,False,available,,default,/3/3452610.jpg,Back of Store,Located in Aisle 4 at $STORE,1,Aisle 4,4.0,3079.79,1853.13,3452610,Spice Chai Tea Sachets 20 Pack,Arkadia,,ARKADIA CHAI SPICE TEA SACHETS 20 PACK,400g,False,,,,,,,,,,,,,,,
7.0,0.0,0,100,1,ea,0.07,ea,$0.07/ 1ea,,False,available,,default,/1/116989.jpg,Back of Store,Located in Aisle 4 at $STORE,2,Aisle 4,4.0,3079.79,1853.13,116989,Black Tea Bags,Lipton,,LIPTON QUALITY BLACK TEA BAGS 100 PACK,100 Pack,False,,,,,,,,,,,,,,,
6.5,0.0,0,200,100,g,3.25,ea,$3.25/ 100g,,False,available,,default,/5/5892498.jpg,Back of Store,Located in Aisle 4 at $STORE,1,Aisle 4,4.0,3079.79,1487.13,5892498,Classic Granulated Coffee,Coles,,COLES CLASSIC GRANULATED COFFEE 200G,200g,False,EVERYDAY,Ends in 168 days,,,,,,,,,,,,,
7.0,0.0,0,240,100,g,2.92,ea,$2.92/ 100g,,False,available,,default,/7/7490189.jpg,Back of Store,Located in Aisle 4 at $STORE,1,Aisle 4,4.0,3079.79,1853.13,7490189,Spice Chai Tea,Arkadia,,ARKADIA CHAI TEA:SPICE:.:240 GRAM,240g,False,,,,,,,,,,,,,,,
18.0,0.0,0,250,100,g,7.2,ea,$7.20/ 100g,,False,available,,default,/8/8097061.jpg,Back of Store,Located in Aisle 4 at $STORE,3,Aisle 4,4.0,3079.79,1670.13,8097061,Classico Ground Coffee,Illy,,ILLY CLASSICO GROUND 250G,250g,False,,,,,,,,,,,,,,,
4.3,0.0,0,100,1,ea,0.04,ea,$0.04/ 1ea,,False,available,,default,/1/199523.jpg,Back of Store,Located in Aisle 4 at $STORE,2,Aisle 4,4.0,3079.79,1853.13,199523,Tea Bags 100 Pack,Tetley,,TETLEY TEA BAGS TEACUP 100 PACK,180g,False,,,,,,,,,,,,,,,
8.0,0.0,0,8,1,ea,1.0,ea,$1.00/ 1ea,,False,available,,default,/1/1800545.jpg,Back of Store,Located in Aisle 4 at $STORE,1,Aisle 4,4.0,3079.79,1487.13,1800545,Pistachio Latte Sachets,Nescafe,,NESCAFE PISTACHIO LATTE SACHETS 8PK,8 Pack,False,,,,,,,,,,,,,,,
23.0,0.0,0,36,1,ea,0.64,ea,$0.64/ 1ea,,False,available,,default,/4/4926674.jpg,Back of Store,Located in Aisle 4 at $STORE,1,Aisle 4,4.0,3079.79,1670.13,4926674,By Nespresso House Blend Coffee Pods Intensity 8 Capsules,Starbucks,,STARBUCKS BY NESPRESSO HOUSE BLEND COFFEE PODS INTENSITY 8 CAPSULES 36 PACK,36 Pack,False,,,,,,,,,,,,,,,
29.0,0.0,0,500,100,g,5.8,ea,$5.80/ 100g,,False,available,,default,/6/6277878.jpg,Back of Store,Located in Aisle 4 at $STORE,1,Aisle 4,4.0,3079.79,1670.13,6277878,Tales Of Italy Roma Coffee Beans,Lavazza,,LAVAZZA TALES OF ITALY ROMA COFFEE BEANS 500G,500g,False,,,,,,,,,,,,,,,
32.0,0.0,0,500,100,g,6.4,ea,$6.40/ 100g,,False,available,,default,/8/8411676.jpg,Back of Store,Located in Aisle 4 at $STORE,2,Aisle 4,4.0,3079.79,1670.13,8411676,Qualita Oro Ground Coffee,Lavazza,,LAVAZZA QUALITA ORO GROUND COFFEE 500G,500g,False,,,,,,,,,,,,,,,
50.0,0.0,0,1000,100,g,5.0,ea,$5.00/ 100g,,False,available,,default,/8/8411698.jpg,Back of Store,Located in Aisle 4 at $STORE,1,Aisle 4,4.0,3079.79,1670.13,8411698,Qualita Oro Ground Coffee,Lavazza,,LAVAZZA QUALITA ORO GROUND COFFEE 1KG,1Kg,False,,,,,,,,,,,,,,,
14.5,0.0,0,150,100,g,9.67,ea,$9.67/ 100g,,False,available,,default,/1/116322.jpg,Back of Store,Located in Aisle 4 at $STORE,1,Aisle 4,4.0,3079.79,1487.13,116322,Blend 43 Instant Coffee,Nescafe,,NESCAFE BLEND 43 INSTANT COFFEE 150G,150g,False,,,,,,,,,,,,,,,
15.5,0.0,0,500,100,g,3.1,ea,$3.10/ 100g,,False,available,,default,/3/340246.jpg,Back of Store,Located in Aisle 4 at $STORE,1,Aisle 4,4.0,3079.79,1487.13,340246,Instant Coffee,International Roast,,INTERNATIONAL ROAST COFFEE POWDER 500G,500g,False,EVERYDAY,Ends in 70 days,,,,,,,,,,,,,
46.0,0.0,0,1000,100,g,4.6,ea,$4.60/ 100g,,False,available,,default,/1/1336197.jpg,Back of Store,Located in Aisle 4 at $STORE,2,Aisle 4,4.0,3079.79,1670.13,1336197,Crema Coffee Beans,Grinders,,GRINDERS CREMA COFFEE BEANS 1KG,1kg,False,,,,,,,,,,,,,,,
6.0,0.0,0,40,1,ea,0.15,ea,$0.15/ 1ea,,False,available,,default,/1/1412954.jpg,Back of Store,Located in Aisle 4 at $STORE,1,Aisle 4,4.0,3079.79,1853.13,1412954,Organic Lemon & Ginger Tea Bags 40 Pack,Nerada,,NERADA ORGANIC LEMON GINGER TEA BAG 40PK,60g,False,,,,,,,,,,,,,,,
4.9,0.0,0,15,1,ea,0.33,ea,$0.33/ 1ea,,False,available,,default,/1/1768668.jpg,Back of Store,Located in Aisle 4 at $STORE,1,Aisle 4,4.0,3079.79,1853.13,1768668,Organic Licorice Tea Bags,Higher Living,,HIGHER LIVING ORGANIC TEA:LICORICE:.:15 PACK,15 Pack,False,,,,,,,,,,,,,,,
4.9,0.0,0,15,1,ea,0.33,ea,$0.33/ 1ea,,False,available,,default,/1/1768679.jpg,Back of Store,Located in Aisle 4 at $STORE,1,Aisle 4,4.0,3079.79,1853.13,1768679,Organic Tea Evening Sweet Dreams,Higher Living,,HIGHER LIVING ORGANIC TEA:EVENING:.:15 PACK,15 Pack,False,,,,,,,,,,,,,,,
5.2,0.0,0,20,1,ea,0.26,ea,$0.26/ 1ea,,False,available,,default,/2/2601329.jpg,Back of Store,Located in Aisle 4 at $STORE,1,Aisle 4,4.0,3079.79,1853.13,2601329,Pure Ceylon Jasmine Flavour Green Tea Bags 20 Pack,Dilmah,,DILMAH PURE CEYLON GREEN TEA 20PACK:GREEN JASMINE:.:20 PACK,40g,False,,,,,,,,,,,,,,,
4.9,0.0,0,15,1,ea,0.33,ea,$0.33/ 1ea,,False,available,,default,/3/3247520.jpg,Back of Store,Located in Aisle 4 at $STORE,1,Aisle 4,4.0,3079.79,1853.13,3247520,Organic Tea Ginger Kick,Higher Living,,HIGHER LIVING ORGANIC TEA:GINGER KICK:.:15 PACK,15 Pack,False,,,,,,,,,,,,,,,
4.9,0.0,0,15,1,ea,0.33,ea,$0.33/ 1ea,,False,available,,default,/3/3247542.jpg,Back of Store,Located in Aisle 4 at $STORE,1,Aisle 4,4.0,3079.79,1853.13,3247542,Organic Tea Peppermint & Licorice,Higher Living,,HIGHER LIVING ORGANIC TEA:PEPPERMINT & LIQUORICE:.:15 PACK,15 Pack,False,,,,,,,,,,,,,,,
12.0,0.0,0,16,1,ea,0.75,ea,$0.75/ 1ea,,False,available,,default,/3/3354509.jpg,Back of Store,Located in Aisle 4 at $STORE,1,Aisle 4,4.0,3079.79,1670.13,3354509,Dolce Gusto Americano Rich Aroma Coffee Capsules,Nescafe,,NESCAFE DOLCE GUSTO AMERICANO RICH AROMA COFFEE CAPSULES 16 PACK,16 Pack,False,,,,,,,,,,,,,,,
5.5,0.0,0,10,1,ea,0.55,ea,$0.55/ 1ea,,False,available,,default,/3/3631904.jpg,Back of Store,Located in Aisle 4 at $STORE,3,Aisle 4,4.0,3079.79,1487.13,3631904,Caramel 99% Sugar Free Coffee Sachets,Avalanche,,AVALANCHE CARAMEL 99% SUGAR FREE COFFEE SACHETS 10 PACK,10 Pack,False,,,,,,,,,,,,,,,
32.0,0.0,0,500,100,g,6.4,ea,$6.40/ 100g,,False,available,,default,/3/3772961.jpg,Back of Store,Located in Aisle 4 at $STORE,2,Aisle 4,4.0,3079.79,1487.13,3772961,Blend 43 Coffee Espresso,Nescafe,,NESCAFE BLEND 43 ESPRESSO INSTANT COFFEE 500G,500g,False,,,Back of Store,Located in Aisle 4 at $STORE,1,Aisle 4,4.0,3079.79,1487.13,,,,,,
8.5,0.0,0,10,1,ea,0.85,ea,$0.85/ 1ea,,False,available,,default,/3/3890630.jpg,Back of Store,Located in Aisle 4 at $STORE,1,Aisle 4,4.0,3079.79,1670.13,3890630,Farmers Origins Africa Ristretto Coffee Capsules,Nescafe,,NESCAFE FARMERS ORIGINS AFRICAS RISTRETTO COFFEE CAPSULES 10 PACK,10 Pack,False,,,,,,,,,,,,,,,
17.0,0.0,0,12,1,ea,1.42,ea,$1.42/ 1ea,,False,available,,default,/3/3982636.jpg,Back of Store,Located in Aisle 4 at $STORE,1,Aisle 4,4.0,3079.79,1853.13,3982636,En Matcha Green Tea Organic Matcha Powder,Ito,,ITO EN MATCHA GREEN TEA ORGANIC MATCHA POWDER 12 PACK,12 Pack,False,,,,,,,,,,,,,,,
5.0,0.0,0,395,100,g,1.27,ea,$1.27/ 100g,,False,available,,default,/3/3995999.jpg,Back of Store,Located in Aisle 4 at $STORE,2,Aisle 4,4.0,3079.79,1487.13,3995999,Coffee & Milk,Nestle,,NESTLE COFFEE & MILK 395G,395g,False,EVERYDAY,Ends in 147 days,,,,,,,,,,,,,
5.5,0.0,0,10,1,ea,0.55,ea,$0.55/ 1ea,,False,available,,default,/4/4963397.jpg,Back of Store,Located in Aisle 4 at $STORE,1,Aisle 4,4.0,3079.79,1853.13,4963397,99% Sugar Free Chai Latte,Avalanche,,AVALANCHE 99% SUGAR FREE CHAI LATTE,10 Pack,False,,,,,,,,,,,,,,,
15.0,0.0,0,200,1,ea,0.08,ea,$0.08/ 1ea,,False,available,,default,/5/5059237.jpg,Back of Store,Located in Aisle 4 at $STORE,2,Aisle 4,4.0,3079.79,1853.13,5059237,Extra Strength Pure Ceylon Bags 200 Pack,Dilmah,,DILMAH EXTRA STRENGTH TEA CUP TEA BAGS 200 PACK,480g,False,,,,,,,,,,,,,,,
5.0,0.0,0,50,1,ea,0.1,ea,$0.10/ 1ea,,False,available,,default,/6/6378161.jpg,Back of Store,Located in Aisle 4 at $STORE,1,Aisle 4,4.0,3079.79,1853.13,6378161,Organics Pure Chai Tea Bags 50 Pack,Nerada,,NERADA ORGANIC TEA BAGS CHAI  50 PACK,92.5g,False,,,,,,,,,,,,,,,
4.5,0.0,0,50,1,ea,0.09,ea,$0.09/ 1ea,,False,available,,default,/6/6384164.jpg,Back of Store,Located in Aisle 4 at $STORE,1,Aisle 4,4.0,3079.79,1853.13,6384164,Organics Pure Green Tea Bags 50 Pack,Nerada,,NERADA ORGANIC GREEN TEA 50 PACK,75g,False,,,,,,,,,,,,,,,
6.0,0.0,0,40,1,ea,0.15,ea,$0.15/ 1ea,,False,available,,default,/6/6384969.jpg,Back of Store,Located in Aisle 4 at $STORE,1,Aisle 4,4.0,3079.79,1853.13,6384969,Organics Peppermint Tea Bags 40 Pack,Nerada,,NERADA ORGANIC TEA BAGS:PEPPERMINT:.:40 PACK,60g,False,,,,,,,,,,,,,,,
8.0,0.0,0,100,100,g,8.0,ea,$8.00/ 100g,,False,available,,default,/7/7393433.jpg,Back of Store,Located in Aisle 4 at $STORE,3,Aisle 4,4.0,3079.79,1487.13,7393433,Organic Fairtrade Gold Freeze Dried Coffee,Coles,,COLES ORGANIC FAIRTRADE GOLD FREEZE DRIED COFFEE,100g,False,EVERYDAY,Ends in 133 days,,,,,,,,,,,,,
19.5,0.0,0,400,100,g,4.88,ea,$4.88/ 100g,,False,available,,default,/8/8077439.jpg,Back of Store,Located in Aisle 4 at $STORE,1,Aisle 4,4.0,3079.79,1487.13,8077439,Blend 43 Refill Instant Coffee Pouch,Nescafe,,NESCAFE BLEND 43 REFILL INSTANT COFFEE POUCH 400G,400g,False,EVERYDAY,Ends in 133 days,,,,,,,,,,,,,
8.8,0.0,0,100,1,ea,0.09,ea,$0.09/ 1ea,,False,available,,default,/9/9505163.jpg,Back of Store,Located in Aisle 4 at $STORE,1,Aisle 4,4.0,3079.79,1853.13,9505163,Pure Ceylon Extra Strength Tea Bags 100 Pack,Dilmah,,DILMAH EXTRA STRENGTH TEA CUP TEA BAGS 100 PACK,240g,False,,,,,,,,,,,,,,,
13.5,0.0,0,100,1,ea,0.14,ea,$0.14/ 1ea,,False,available,,default,/8/83584.jpg,Back of Store,Located in Aisle 4 at $STORE,2,Aisle 4,4.0,3079.79,1853.13,83584,Irish Breakfast Tea Bags 100 Pack,Twinings,,TWININGS TEA BAGS:IRISH BREAKFAST:.:100 PACK,200g,False,,,,,,,,,,,,,,,
10.5,0.0,0,250,100,g,4.2,ea,$4.20/ 100g,,False,available,,default,/1/116457.jpg,Back of Store,Located in Aisle 4 at $STORE,2,Aisle 4,4.0,3079.79,1487.13,116457,Turkish Style Pulverised Coffee,Bushells,,BUSHELLS TURKISH PULVERIZED COFFEE JAR 250G,250g,False,EVERYDAY,Ends in 56 days,,,,,,,,,,,,,
6.5,0.0,0,250,100,ml,2.6,ea,$2.60/ 100mL,,False,available,,default,/1/116708.jpg,Back of Store,Located in Aisle 4 at $STORE,1,Aisle 4,4.0,3079.79,1670.13,116708,Coffee & Chicory Essence,Bushells,,BUSHELLS COFFEE & CHICORY ESSENCE 250ML,250mL,False,EVERYDAY,Ends in 140 days,,,,,,,,,,,,,
2.9,0.0,0,25,1,ea,0.12,ea,$0.12/ 1ea,,False,available,,default,/1/116887.jpg,Back of Store,Located in Aisle 4 at $STORE,1,Aisle 4,4.0,3079.79,1853.13,116887,Black Tea Bags,Lipton,,LIPTON BLACK TEA BAGS 25 PACK,25 Pack,False,EVERYDAY,Ends in 133 days,,,,,,,,,,,,,
3.5,0.0,0,250,100,g,1.4,ea,$1.40/ 100g,,False,available,,default,/1/145127.jpg,Back of Store,Located in Aisle 4 at $STORE,1,Aisle 4,4.0,3079.79,1853.13,145127,Leaf Tea,Nerada,,NERADA LEAF TEA 250G,250g,False,,,,,,,,,,,,,,,
7.5,0.0,0,200,100,g,3.75,ea,$3.75/ 100g,,False,available,,default,/2/204328.jpg,Back of Store,Located in Aisle 4 at $STORE,1,Aisle 4,4.0,3079.79,1670.13,204328,Greek Style Coffee,Oasis,,OASIS COFFEE GREEK STYLE,200g,False,EVERYDAY,Ends in 147 days,,,,,,,,,,,,,
23.6,0.0,0,200,100,g,11.8,ea,$11.80/ 100g,,False,available,,default,/2/231251.jpg,Back of Store,Located in Aisle 4 at $STORE,1,Aisle 4,4.0,3079.79,1487.13,231251,Classic Medium Roast Instant Coffee,Moccona,,MOCCONA INSTANT MED ROAST COFFEE F/D:CLASSIC:.:200 GRAM,200g,False,,,,,,,,,,,,,,,
13.5,0.0,0,100,1,ea,0.14,ea,$0.14/ 1ea,,False,available,,default,/3/304752.jpg,Back of Store,Located in Aisle 4 at $STORE,2,Aisle 4,4.0,3079.79,1853.13,304752,English Breakfast Tea Bags 100 Pack,Twinings,,TWININGS TEA BAGS:ENGLISH BREAKFST:.:100 PACK,200g,False,,,,,,,,,,,,,,,
13.5,0.0,0,100,1,ea,0.14,ea,$0.14/ 1ea,,False,available,,default,/3/304763.jpg,Back of Store,Located in Aisle 4 at $STORE,2,Aisle 4,4.0,3079.79,1853.13,304763,Earl Grey Tea Bags 100 Pack,Twinings,,TWININGS TEA BAGS:EARL GREY:.:100 PACK,200g,False,,,,,,,,,,,,,,,
2.7,0.0,0,10,1,ea,0.27,ea,$0.27/ 1ea,,False,available,,default,/3/341770.jpg,Back of Store,Located in Aisle 4 at $STORE,1,Aisle 4,4.0,3079.79,1853.13,341770,English Breakfast Tea Bags 10 Pack,Twinings,,TWININGS TEA BAGS:ENGLISH BREAKFST:.:10 PACK,20g,False,,,,,,,,,,MultibuyMultiSku,729864649,2,2.5,$0.25/ 1ea,
2.7,0.0,0,10,1,ea,0.27,ea,$0.27/ 1ea,,False,available,,default,/3/341792.jpg,Back of Store,Located in Aisle 4 at $STORE,1,Aisle 4,4.0,3079.79,1853.13,341792,Earl Grey Tea Bags 10 Pack,Twinings,,TWININGS TEA BAGS:EARL GREY:.:10 PACK,20g,False,,,,,,,,,,MultibuyMultiSku,729864649,2,2.5,$0.25/ 1ea,
46.0,0.0,0,1000,100,g,4.6,ea,$4.60/ 100g,,False,available,,default,/4/443770.jpg,Back of Store,Located in Aisle 4 at $STORE,1,Aisle 4,4.0,3079.79,1670.13,443770,Special Italian Blend Coffee Beans,Vittoria,,VITTORIA SPECIAL ITALIAN BLEND BEANS 1KG,1kg,False,,,,,,,,,,,,,,,
7.5,0.0,0,20,1,ea,0.38,ea,$0.38/ 1ea,,False,available,,default,/4/489454.jpg,Back of Store,Located in Aisle 4 at $STORE,1,Aisle 4,4.0,3079.79,1853.13,489454,Seasonings Tea Bags Herb Sleepytime,Celestial,,CELESTIAL SEASONINGS SLEEPYTIME TEA BAGS 20PK,20 Pack,False,,,,,,,,,,,,,,,
5.6,0.0,0,100,1,ea,0.06,ea,$0.06/ 1ea,,False,available,,default,/4/496507.jpg,Back of Store,Located in Aisle 4 at $STORE,1,Aisle 4,4.0,3079.79,1853.13,496507,English Breakfast Tea Bags Teacup,Nerada,,NERADA ENGLISH BREAKFAST TEA BAGS TEACUP 100PK,100 Pack,False,,,,,,,,,,,,,,,
23.0,0.0,0,500,100,g,4.6,ea,$4.60/ 100g,,False,available,,default,/1/1032319.jpg,Back of Store,Located in Aisle 4 at $STORE,1,Aisle 4,4.0,3079.79,1670.13,1032319,Signature Blend Coffee Beans,Caffe Ducale,,CAFFE DUCALE SIGNATURE BLEND COFFEE BEANS 500G,500g,False,,,,,,,,,,,,,,,
7.5,0.0,0,125,100,g,6.0,ea,$6.00/ 100g,,False,available,,default,/3/344597.jpg,Back of Store,Located in Aisle 4 at $STORE,1,Aisle 4,4.0,3079.79,1853.13,344597,English Breakfast Leaf Tea,Twinings,,TWININGS ENGLISH BREAKFST LOOSE LEAF TEA 125 GRAM,125g,False,,,,,,,,,,,,,,,
7.9,0.0,0,10,1,ea,0.79,ea,$0.79/ 1ea,,False,available,,default,/1/1049388.jpg,Back of Store,Located in Aisle 4 at $STORE,1,Aisle 4,4.0,3079.79,1487.13,1049388,99% Sugar Free Cappuccino Coffee Sachets,Moccona,,MOCCONA 99% SUGAR FREE CAPPUCCINO COFFEE SACHETS 10 PACK,10 Pack,False,,,,,,,,,,,,,,,
12.0,0.0,0,24,1,ea,0.5,ea,$0.50/ 1ea,,False,available,,default,/1/1049402.jpg,Back of Store,Located in Aisle 4 at $STORE,1,Aisle 4,4.0,3079.79,1487.13,1049402,Coffee Bags Italian Espresso,Robert Timms,,ROBERT TIMMS COFFEE BAGS ITALIAN ESPRESSO 24PK,24 Pack,False,EVERYDAY,Ends in 140 days,,,,,,,,,,,,,
3.5,0.0,0,180,100,g,1.94,ea,$1.94/ 100g,,False,available,,default,/1/1051652.jpg,Back of Store,Located in Aisle 4 at $STORE,1,Aisle 4,4.0,3079.79,1853.13,1051652,Blue Label Loose Leaf Tea Extra Strong,Bushells,,BUSHELLS BLUE LABEL LOOSE LEAF TEA EXTRA STRONG 180G,180g,False,EVERYDAY,Ends in 315 days,,,,,,,,,,,,,
2.75,0.0,0,50,1,ea,0.06,ea,$0.06/ 1ea,,False,available,,default,/1/1051980.jpg,Back of Store,Located in Aisle 4 at $STORE,2,Aisle 4,4.0,3079.79,1853.13,1051980,Blue Label Tea Bags,Bushells,,BUSHELLS BLUE LABEL TEA BAGS 50PK,50 Pack,False,EVERYDAY,Ends in 8 hours,,,,,,,,,,,,,
8.0,0.0,0,220,100,g,3.64,ea,$3.64/ 100g,,False,available,,default,/1/1054650.jpg,Back of Store,Located in Aisle 4 at $STORE,1,Aisle 4,4.0,3079.79,1853.13,1054650,Original Matcha Latte,Arkadia,,ARKADIA ORIGINAL MATCHA LATTE 220G,220g,False,,,,,,,,,,,,,,,
7.5,0.0,0,100,1,ea,0.08,ea,$0.08/ 1ea,,False,available,,default,/1/1417368.jpg,Back of Store,Located in Aisle 4 at $STORE,1,Aisle 4,4.0,3079.79,1853.13,1417368,Yorkshire Black Tea Bags 100 Pack,Taylors of Harrogate,,TAYLORS HARROGATES YORKSHIRE TEA 100 PACK,220g,False,,,,,,,,,,,,,,,
1.75,0.0,0,100,1,ea,0.02,ea,$0.02/ 1ea,,False,available,,default,/1/1684954.jpg,Back of Store,Located in Aisle 4 at $STORE,1,Aisle 4,4.0,3079.79,1853.13,1684954,Quality Black Tea Bags,Coles Simply,,COLES SIMPLY QUALITY BLACK TEA BAGS 100 PACK,100 Pack,False,,,,,,,,,,,,,,,
19.5,0.0,0,30,100,g,65.0,ea,$65.00/ 100g,,False,available,,default,/1/1789985.jpg,Back of Store,Located in Aisle 4 at $STORE,1,Aisle 4,4.0,3079.79,1853.13,1789985,Matcha Powder Original,Perfect Ted,,PERFECT TED MATCHA POWDER ORIGINAL 30G,30g,False,,,,,,,,,,,,,,,
15.0,0.0,0,16,1,ea,0.94,ea,$0.94/ 1ea,,False,available,,default,/1/1774194.jpg,Back of Store,Located in Aisle 4 at $STORE,1,Aisle 4,4.0,3079.79,1670.13,1774194,A Modo Mio Delizioso Coffee Capsules,Lavazza,,LAVAZZA A MODO MIO DELIZIOSO COFFEE CAPSULES 16PK,16 Pack,False,,,,,,,,,,,,,,,
13.5,0.0,0,80,1,ea,0.17,ea,$0.17/ 1ea,,False,available,,default,/1/1800294.jpg,Back of Store,Located in Aisle 4 at $STORE,2,Aisle 4,4.0,3079.79,1853.13,1800294,Matcha Green Tea,Twinings,,TWININGS MATCHA GREEN TEA 80PK,80 Pack,False,,,,,,,,,,,,,,,
13.5,0.0,0,80,1,ea,0.17,ea,$0.17/ 1ea,,False,available,,default,/1/1800308.jpg,Back of Store,Located in Aisle 4 at $STORE,1,Aisle 4,4.0,3079.79,1853.13,1800308,Decaf Green Tea,Twinings,,TWININGS DECAF GREEN TEA 80PK,80 Pack,False,,,,,,,,,,,,,,,
8.5,0.0,0,8,1,ea,1.06,ea,$1.06/ 1ea,,False,available,,default,/1/1800319.jpg,Back of Store,Located in Aisle 4 at $STORE,1,Aisle 4,4.0,3079.79,1853.13,1800319,Chai Latte,Twinings,,TWININGS CHAI LATTE 8PK,8 Pack,False,,,,,,,,,,,,,,,
8.5,0.0,0,8,1,ea,1.06,ea,$1.06/ 1ea,,False,available,,default,/1/1800320.jpg,Back of Store,Located in Aisle 4 at $STORE,1,Aisle 4,4.0,3079.79,1853.13,1800320,Matcha Latte,Twinings,,TWININGS MATCHA LATTE 8PK,8 Pack,False,,,,,,,,,,,,,,,
13.5,0.0,0,1,1,l,13.5,ea,$13.50/ 1L,,False,available,,default,/1/1800374.jpg,Back of Store,Located in Aisle 4 at $STORE,1,Aisle 4,4.0,3079.79,1853.13,1800374,Sparkling Raspberry Lemonade & White Tea 4x250ml,Twinings.,,TWININGS SPARKLING RASPBERRY LEMONADE & WHITE TEA 4X250ML,1L,False,,,,,,,,,,MultibuyMultiSku,730214431,2,10.0,$10.00/ 1L,
13.0,0.0,0,30,1,ea,0.43,ea,$0.43/ 1ea,,False,available,,default,/1/1790011.jpg,Back of Store,Located in Aisle 4 at $STORE,2,Aisle 4,4.0,3079.79,1487.13,1790011,Cappuccino Coffee Sachets,Moccona,,MOCCONA CAPPUCCINO COFFEE SACHETS 30 PACK,30 Pack,False,EVERYDAY,Ends in 154 days,,,,,,,,,,,,,
10.0,0.0,0,160,100,g,6.25,ea,$6.25/ 100g,,False,available,,default,/1/1790022.jpg,Back of Store,Located in Aisle 4 at $STORE,2,Aisle 4,4.0,3079.79,1487.13,1790022,Latte + Protein,Moccona,,MOCCONA LATTE + PROTEIN 160 GRAM,160g,False,,,,,,,,,,,,,,,
10.0,0.0,0,168,100,g,5.95,ea,$5.95/ 100g,,False,available,,default,/1/1790044.jpg,Back of Store,Located in Aisle 4 at $STORE,3,Aisle 4,4.0,3079.79,1487.13,1790044,Caramel Latte + Protein,Moccona,,MOCCONA CARAMEL LATTE + PROTEIN 168G,168g,False,,,,,,,,,,,,,,,
9.0,0.0,0,100,1,ea,0.09,ea,$0.09/ 1ea,,False,available,,default,/1/1790077.jpg,Back of Store,Located in Aisle 4 at $STORE,1,Aisle 4,4.0,3079.79,1853.13,1790077,Black Tea,Queen Victoria,,QUEEN VICTORIA BLACK TEA 100PK,100 Pack,False,,,,,,,,,,,,,,,
12.0,0.0,0,80,1,ea,0.15,ea,$0.15/ 1ea,,False,available,,default,/1/1794205.jpg,Back of Store,Located in Aisle 4 at $STORE,1,Aisle 4,4.0,3079.79,1853.13,1794205,Pure Camomile Tea,Queen Victoria,,QUEEN VICTORIA PURE CAMOMILE TEA 80PK,80 Pack,False,,,,,,,,,,,,,,,
1.5,0.0,0,10,1,ea,0.15,ea,$0.15/ 1ea,,False,available,,default,/1/1794249.jpg,Back of Store,Located in Aisle 4 at $STORE,1,Aisle 4,4.0,3079.79,1853.13,1794249,Pure Camomile Tea,Queen Victoria,,QUEEN VICTORIA PURE CAMOMILE TEA 10PK,10 Pack,False,,,,,,,,,,,,,,,
8.0,0.0,0,8,1,ea,1.0,ea,$1.00/ 1ea,,False,available,,default,/1/1800534.jpg,Back of Store,Located in Aisle 4 at $STORE,1,Aisle 4,4.0,3079.79,1487.13,1800534,Krispy Kreme Doughnut Latte Coffee Sachets,Nescafe,,NESCAFE KRISPY KREME DOUGHNUT LATTE COFFEE SACHETS 8PK,8 Pack,False,,,,,,,,,,,,,,,
8.0,0.0,0,8,1,ea,1.0,ea,$1.00/ 1ea,,False,available,,default,/1/1800556.jpg,Back of Store,Located in Aisle 4 at $STORE,1,Aisle 4,4.0,3079.79,1487.13,1800556,Spiced Chai Latte Coffee Sachets,Nescafe,,NESCAFE SPICED CHAI LATTE COFFEE SACHETS 8PK,8 Pack,False,,,,,,,,,,,,,,,
14.5,0.0,0,100,100,g,14.5,ea,$14.50/ 100g,,False,available,,default,/1/1800567.jpg,Back of Store,Located in Aisle 4 at $STORE,1,Aisle 4,4.0,3079.79,1487.13,1800567,Gold Espresso Signature Roast Intant Coffee,Nescafe,,NESCAFE GOLD ESPRESSO SIGNATURE ROAST INTANT COFFEE 100G,100g,False,,,,,,,,,,,,,,,
8.0,0.0,0,10,1,ea,0.8,ea,$0.80/ 1ea,,False,available,,default,/1/1800603.jpg,Back of Store,Located in Aisle 4 at $STORE,2,Aisle 4,4.0,3079.79,1487.13,1800603,98% Sugar Free Vanilla Latte Coffee Sachets,Nescafe,,NESCAFE 98% SUGAR FREE VANILLA LATTE COFFEE SACHETS 10PK,10 Pack,False,,,,,,,,,,,,,,,
9.0,0.0,0,8,1,ea,1.13,ea,$1.13/ 1ea,,False,available,,default,/1/1800705.jpg,Back of Store,Located in Aisle 4 at $STORE,1,Aisle 4,4.0,3079.79,1487.13,1800705,Iced Espresso Coffee Sachets,Dare,,DARE ICED ESPRESSO COFFEE SACHETS 8PK,8 Pack,False,,,,,,,,,,MultibuyMultiSku,730214109,2,4.5,$0.56/ 1ea,
8.0,0.0,0,220,100,g,3.64,ea,$3.64/ 100g,,False,available,,default,/1/1800750.jpg,Back of Store,Located in Aisle 4 at $STORE,1,Aisle 4,4.0,3079.79,1853.13,1800750,Mango Matcha Latte,Arkadia,,ARKADIA MANGO MATCHA LATTE 220G,220g,False,,,,,,,,,,,,,,,
8.5,0.0,0,8,1,ea,1.06,ea,$1.06/ 1ea,,False,available,,default,/1/1800862.jpg,Back of Store,Located in Aisle 4 at $STORE,1,Aisle 4,4.0,3079.79,1487.13,1800862,Vanilla Affogato Coffee Sachets,Vittoria,,VITTORIA VANILLA AFFOGATO COFFEE SACHETS 8 PACK,8 Pack,False,,,,,,,,,,,,,,,
4.5,0.0,0,50,1,ea,0.09,ea,$0.09/ 1ea,,False,available,,default,/1/1809925.jpg,Back of Store,Located in Aisle 4 at $STORE,1,Aisle 4,4.0,3079.79,1853.13,1809925,Single Origin Ceylon Premium Tea Bags,Dilmah,,DILMAH SINGLE ORIGIN CEYLON PREMIUM TEA BAGS 50 PACK,50 Pack,False,,,,,,,,,,,,,,,
4.8,0.0,0,50,1,ea,0.1,ea,$0.10/ 1ea,,False,available,,default,/1/1809936.jpg,Back of Store,Located in Aisle 4 at $STORE,1,Aisle 4,4.0,3079.79,1853.13,1809936,Single Origin Ceylon Extra Strength Tea Bags,Dilmah,,DILMAH SINGLE ORIGIN CEYLON EXTRA STRENGTH TEA BAGS 50 PACK,50 Pack,False,,,,,,,,,,,,,,,
7.5,0.0,0,250,100,g,3.0,ea,$3.00/ 100g,,False,available,,default,/1/1809947.jpg,Back of Store,Located in Aisle 4 at $STORE,1,Aisle 4,4.0,3079.79,1853.13,1809947,Single Origin Ceylon Premium Loose Leaf Tea,Dilmah,,DILMAH SINGLE ORIGIN CEYLON PREMIUM LOOSE LEAF TEA 250G,250g,False,,,,,,,,,,,,,,,
8.5,0.0,0,200,1,ea,0.04,ea,$0.04/ 1ea,,False,available,,default,/1/1809958.jpg,Back of Store,Located in Aisle 4 at $STORE,2,Aisle 4,4.0,3079.79,1853.13,1809958,Blue Label Classic Tea Bags,Bushells,,BUSHELLS BLUE LABEL CLASSIC TEA BAGS 200PK,200 Pack,False,,,,,,,,,,,,,,,
7.0,0.0,0,50,1,ea,0.14,ea,$0.14/ 1ea,,False,available,,default,/1/1809969.jpg,Back of Store,Located in Aisle 4 at $STORE,1,Aisle 4,4.0,3079.79,1853.13,1809969,Decaffeinated Black Tea,Lipton,,LIPTON DECAFFEINATED BLACK TEA 50PK,50 Pack,False,,,,,,,,,,,,,,,
6.5,0.0,0,8,1,ea,0.81,ea,$0.81/ 1ea,,False,available,,default,/1/1809970.jpg,Back of Store,Located in Aisle 4 at $STORE,1,Aisle 4,4.0,3079.79,1853.13,1809970,Matcha Chai Latte Sachets,Lipton,,LIPTON MATCHA CHAI LATTE SACHETS 8 PACK,8 Pack,False,EVERYDAY,Ends in 133 days,,,,,,,,,,,,,
8.0,0.0,0,18,1,ea,0.44,ea,$0.44/ 1ea,,False,available,,default,/1/1809980.jpg,Back of Store,Located in Aisle 4 at $STORE,1,Aisle 4,4.0,3079.79,1853.13,1809980,Iced Tea Kombucha Apple Sachets,Lipton,,LIPTON ICED TEA KOMBUCHA APPLE SACHETS 18 PACK,18 Pack,False,,,,,,,,,,,,,,,
7.5,0.0,0,40,1,ea,0.19,ea,$0.19/ 1ea,,False,available,,default,/1/1814812.jpg,Back of Store,Located in Aisle 4 at $STORE,2,Aisle 4,4.0,3079.79,1853.13,1814812,Single Origin Ceylon Tea Paradise Breakfast,Dilmah,,DILMAH SINGLE ORIGIN CEYLON TEA PARADISE BREAKFAST 40PK,40 Pack,False,,,,,,,,,,,,,,,
11.0,0.0,0,12,1,ea,0.92,ea,$0.92/ 1ea,,False,available,,default,/1/1825885.jpg,Back of Store,Located in Aisle 4 at $STORE,1,Aisle 4,4.0,3079.79,1670.13,1825885,Espressotoria Espresso Coffee Capsules 12 pack,Vittoria,,ESPRESSOTORIA VITTORIA CAPSULES ESPRESSO 12PK,78g,False,,,,,,,,,,,,,,,
13.5,0.0,0,80,1,ea,0.17,ea,$0.17/ 1ea,,False,available,,default,/2/2236788.jpg,Back of Store,Located in Aisle 4 at $STORE,2,Aisle 4,4.0,3079.79,1853.13,2236788,English Breakfast Extra Strong Tea Bags 80 Pack,Twinings,,TWININGS ENGLISH BREAKFAST EXTRA STRONG 80PK,200g,False,,,,,,,,,,,,,,,
2.7,0.0,0,10,1,ea,0.27,ea,$0.27/ 1ea,,False,available,,default,/2/2237190.jpg,Back of Store,Located in Aisle 4 at $STORE,1,Aisle 4,4.0,3079.79,1853.13,2237190,English Breakfast Extra Strong Tea Bags,Twinings,,TWININGS ENGLISH BREAKFAST 10PK:EXTRA STRONG:.:10 PACK,10 Pack,False,,,,,,,,,,MultibuyMultiSku,729864649,2,2.5,$0.25/ 1ea,
8.5,0.0,0,250,100,g,3.4,ea,$3.40/ 100g,,False,available,,default,/2/2244491.jpg,Back of Store,Located in Aisle 4 at $STORE,1,Aisle 4,4.0,3079.79,1487.13,2244491,Salted Caramel Latte Instant Coffee,Jarrah,,JARRAH SALTED CARAMEL LATTE INSTANT COFFEE 250G,250g,False,,,,,,,,,,,,,,,
13.5,0.0,0,80,1,ea,0.17,ea,$0.17/ 1ea,,False,available,,default,/2/2245563.jpg,Back of Store,Located in Aisle 4 at $STORE,2,Aisle 4,4.0,3079.79,1853.13,2245563,Lemon & Ginger Infusions Tea Bags 80 Pack,Twinings,,TWININGS INFUSIONS LEMON & GINGER 80 PACK,120g,False,,,,,,,,,,,,,,,
2.7,0.0,0,10,1,ea,0.27,ea,$0.27/ 1ea,,False,available,,default,/2/2469480.jpg,Back of Store,Located in Aisle 4 at $STORE,1,Aisle 4,4.0,3079.79,1853.13,2469480,Pure Camomile Infusions Tea Bags,Twining's,,TWININGS PURE CAMOMILE INFUSIONS TEA BAGS 10 PACK,10 Pack,False,,,,,,,,,,MultibuyMultiSku,729864649,2,2.5,$0.25/ 1ea,
13.5,0.0,0,80,1,ea,0.17,ea,$0.17/ 1ea,,False,available,,default,/2/2471325.jpg,Back of Store,Located in Aisle 4 at $STORE,2,Aisle 4,4.0,3079.79,1853.13,2471325,Pure Camomile Infusions Tea Bags 80 Pack,Twinings,,TWININGS HERBAL INFUSIONS:CAMOMILE:.:80 PACK,96g,False,,,,,,,,,,,,,,,
12.5,0.0,0,26,1,ea,0.48,ea,$0.48/ 1ea,,False,available,,default,/2/2867993.jpg,Back of Store,Located in Aisle 4 at $STORE,2,Aisle 4,4.0,3079.79,1487.13,2867993,Caramel Latte Coffee Sachets,Nescafe,,NESCAFE CARAMEL LATTE COFFEE SACHETS BIG VALUE PACK 26PACK,26 Pack,False,EVERYDAY,Ends in 133 days,,,,,,,,,,,,,
12.5,0.0,0,26,1,ea,0.48,ea,$0.48/ 1ea,,False,available,,default,/2/2868034.jpg,Back of Store,Located in Aisle 4 at $STORE,2,Aisle 4,4.0,3079.79,1487.13,2868034,Cappuccino Strong Coffee Sachets,Nescafe,,NESCAFE CAPPUCCINO STRONG COFFEE SACHETS 26 PACK,26 Pack,False,EVERYDAY,Ends in 133 days,,,,,,,,,,,,,
8.7,0.0,0,10,1,ea,0.87,ea,$0.87/ 1ea,,False,available,,default,/2/2951069.jpg,Back of Store,Located in Aisle 4 at $STORE,1,Aisle 4,4.0,3079.79,1670.13,2951069,Espresso Supremo Intensity 10 Coffee Capsules Nespresso* Compatible 52g,L'OR,,L'OR ESPRESSO SUPREMO INTENSITY 10 COFFEE CAPSULES NESPRESSO* COMPATIBLE 52G:.:10 PACK,10 Pack,False,,,,,,,,,,,,,,,
17.5,0.0,0,25,1,ea,0.7,ea,$0.70/ 1ea,,False,available,,default,/3/3079186.jpg,Back of Store,Located in Aisle 4 at $STORE,1,Aisle 4,4.0,3079.79,1853.13,3079186,Melbourne Breakfast Flavoured Black Tea Bags 25 Pack,T2,,T2 MELBOURNE BREAKFAST  FLAVOURED BLACK TEA IN A BAG 25 PACK,50g,False,EVERYDAY,Ends in 154 days,,,,,,,,,,,,,
17.5,0.0,0,25,1,ea,0.7,ea,$0.70/ 1ea,,False,available,,default,/3/3079200.jpg,Back of Store,Located in Aisle 4 at $STORE,1,Aisle 4,4.0,3079.79,1853.13,3079200,French Earl Grey Flavoured Black Tea Bags 25 Pack,T2,,T2 FRENCH EARL GREY FLAVOURED BLACK TEA 25 PACK,50g,False,EVERYDAY,Ends in 154 days,,,,,,,,,,,,,
24.0,0.0,0,500,100,g,4.8,ea,$4.80/ 100g,,False,available,,default,/3/3208347.jpg,Back of Store,Located in Aisle 4 at $STORE,2,Aisle 4,4.0,3079.79,1670.13,3208347,Italian Blend Ground Coffee,Vittoria,,VITTORIA ITALIAN GROUND 500G,500g,False,,,,,,,,,,,,,,,
15.0,0.0,0,16,1,ea,0.94,ea,$0.94/ 1ea,,False,available,,default,/3/3208722.jpg,Back of Store,Located in Aisle 4 at $STORE,1,Aisle 4,4.0,3079.79,1670.13,3208722,A Modo Mio Decaf Coffee Capsules,Lavazza,,LAVAZZA A MODO MIO DECAF COFFEE CAPSULES 16PK,16 Pack,False,,,,,,,,,,,,,,,
5.0,0.0,0,250,100,ml,2.0,ea,$2.00/ 100mL,,False,available,,default,/3/3209077.jpg,Back of Store,Located in Aisle 4 at $STORE,1,Aisle 4,4.0,3079.79,1670.13,3209077,Coffee Machine Descaler,Coles,,COLES DESCALER,250mL,False,EVERYDAY,Ends in 147 days,,,,,,,,,,,,,
3.5,0.0,0,10,1,ea,0.35,ea,$0.35/ 1ea,,False,available,,default,/3/3224886.jpg,Back of Store,Located in Aisle 4 at $STORE,2,Aisle 4,4.0,3079.79,1670.13,3224886,Coffee Expressi/caffitaly Compatible Classic Capsules,St Remio,,ST REMIO COFFEE EXPRESSI/CAFFITALY COMPATIBLE CLASSIC CAPSULES 10 PACK,10 Pack,False,EVERYDAY,Ends in 147 days,,,,,,,,,,,,,
23.6,0.0,0,200,100,g,11.8,ea,$11.80/ 100g,,False,available,,default,/3/3232465.jpg,Back of Store,Located in Aisle 4 at $STORE,1,Aisle 4,4.0,3079.79,1487.13,3232465,Indulgence Specialty Blend Instant Coffee,Moccona,,MOCCONA SPECIALTY BLEND COFFEE 200G:INDULGENCE:.:200 GRAM,200g,False,,,,,,,,,,,,,,,
7.0,0.0,0,20,1,ea,0.35,ea,$0.35/ 1ea,,False,available,,default,/3/3247291.jpg,Back of Store,Located in Aisle 4 at $STORE,1,Aisle 4,4.0,3079.79,1853.13,3247291,Matcha Traditional Green Tea Bags 20 Pack,Ito En,,ITO EN MATCHA GREEN TEA 20 PACK:TRADITIONAL:.:20 PACK,30g,False,,,,,,,,,,,,,,,
9.0,0.0,0,20,1,ea,0.45,ea,$0.45/ 1ea,,False,available,,default,/3/3248760.jpg,Back of Store,Located in Aisle 4 at $STORE,1,Aisle 4,4.0,3079.79,1853.13,3248760,Tea Three Ginger,Pukka,,PUKKA TEA:THREE GINGER:.:20 PACK,20 Pack,False,,,,,,,,,,,,,,,
9.0,0.0,0,20,1,ea,0.45,ea,$0.45/ 1ea,,False,available,,default,/3/3248771.jpg,Back of Store,Located in Aisle 4 at $STORE,1,Aisle 4,4.0,3079.79,1853.13,3248771,Night Time Tea Sachets 20 Pack,Pukka,,PUKKA TEA:NIGHT TIME:.:20 PACK,20g,False,,,,,,,,,,,,,,,
9.0,0.0,0,20,1,ea,0.45,ea,$0.45/ 1ea,,False,available,,default,/3/3248793.jpg,Back of Store,Located in Aisle 4 at $STORE,1,Aisle 4,4.0,3079.79,1853.13,3248793,Lemon Ginger & Manuka Honey Tea Sachets 20 Pack,Pukka,,PUKKA TEA:LEMON GINGER & MANUKA HONEY:.:20 PACK,40g,False,,,,,,,,,,,,,,,
26.0,0.0,0,1000,100,g,2.6,ea,$2.60/ 100g,,False,available,,default,/3/3499705.jpg,Back of Store,Located in Aisle 4 at $STORE,2,Aisle 4,4.0,3079.79,1670.13,3499705,Urban Coffee Culture Strong Ground Coffee,Coles,,COLES URBAN COFFEE CULTURE STRONG GROUND COFFEE 1KG,1kg,False,EVERYDAY,Ends in 315 days,,,,,,,,,,,,,
5.0,0.0,0,20,1,ea,0.25,ea,$0.25/ 1ea,,False,available,,default,/3/3450331.jpg,Back of Store,Located in Aisle 4 at $STORE,1,Aisle 4,4.0,3079.79,1853.13,3450331,Raspberry & Strawberry Hot Or Cold Brew Tea Bags,Red Seal,,RED SEAL RASPBERRY & STRAWBERRY HOT OR COLD BREW TEABAG 20 PACK,20 Pack,False,,,,,,,,,,,,,,,
,,,,,,,,,,,not_available,,default,/3/3465703.jpg,Back of Store,Located in Aisle 4 at $STORE,1,Aisle 4,4.0,3079.79,1487.13,3465703,Caramel Latte All In One Sachets 170g,Coles,,COLES CARAMEL LATTE ALL IN ONE SACHETS 170G,10 Pack,False,,,,,,,,,,,,,,,
8.5,0.0,0,250,100,g,3.4,ea,$3.40/ 100g,,False,available,,default,/3/3616401.jpg,Back of Store,Located in Aisle 4 at $STORE,2,Aisle 4,4.0,3079.79,1670.13,3616401,Urban Coffee Culture Strong Ground Coffee,Coles,,COLES URBAN COFFEE CULTURE STRONG GROUND COFFEE 250G,250g,False,EVERYDAY,Ends in 315 days,,,,,,,,,,,,,
8.7,0.0,0,10,1,ea,0.87,ea,$0.87/ 1ea,,False,available,,default,/3/3193396.jpg,Back of Store,Located in Aisle 4 at $STORE,1,Aisle 4,4.0,3079.79,1670.13,3193396,Espresso Decaffeinato Ristretto Intensity 9 Coffee Capsules Nespresso* Compatible 52g,L'OR,,L'OR ESPRESSO DECAFFEINATO RISTRETTO INTENSITY 9 COFFEE CAPSULES NESPRESSO* COMPATIBLE 52G:.:10 PACK,10 Pack,False,,,,,,,,,,,,,,,
9.5,12.0,0,200,100,g,4.75,ea,$4.75/ 100g,,False,available,,default,/3/3752534.jpg,Back of Store,Located in Aisle 4 at $STORE,1,Aisle 4,4.0,3079.79,1670.13,3752534,Medium/dark Coffee Beans,Daley Street,,DALEY STREET MEDIUM/DARK COFFEE BEANS 200G,200g,False,DOWNDOWN,Ends in 7 days,,,,,,,,,,,,,Was $12.00 on Jun 2026 
8.7,0.0,0,10,1,ea,0.87,ea,$0.87/ 1ea,,False,available,,default,/3/3755340.jpg,Back of Store,Located in Aisle 4 at $STORE,1,Aisle 4,4.0,3079.79,1670.13,3755340,Espresso Ultimo Intensity 13 Coffee Capsules Nespresso* Compatible,L'OR,,L'OR ESPRESSO ULTIMO INTENSITY 13 COFFEE CAPSULES NESPRESSO* COMPATIBLE 10 PACK,10 Pack,False,,,,,,,,,,,,,,,
8.5,0.0,0,100,1,ea,0.09,ea,$0.09/ 1ea,,False,available,,default,/3/3708441.jpg,Back of Store,Located in Aisle 4 at $STORE,1,Aisle 4,4.0,3079.79,1853.13,3708441,Yorkshire Tea Proper Strong,Taylors Of Harrogate,,TAYLORS OF HARROGATE YORKSHIRE TEA PROPER STRONG 100 PACK,100 Pack,False,,,,,,,,,,,,,,,
8.5,0.0,0,40,1,ea,0.21,ea,$0.21/ 1ea,,False,available,,default,/3/3708667.jpg,Back of Store,Located in Aisle 4 at $STORE,1,Aisle 4,4.0,3079.79,1853.13,3708667,Camomile Honey & Vanilla Infusions Tea Bags,Twining's,,TWININGS CAMOMILE- HONEY & VANILLA INFUSIONS TEA BAGS 40 PACK,40 Pack,False,,,,,,,,,,,,,,,
5.0,0.0,0,20,1,ea,0.25,ea,$0.25/ 1ea,,False,available,,default,/3/3709422.jpg,Back of Store,Located in Aisle 4 at $STORE,1,Aisle 4,4.0,3079.79,1853.13,3709422,Variety Pack Hot Or Cold Brew Tea,Red Seal,,RED SEAL VARIETY PACK HOT OR COLD BREW TEA 20 PACK,20 Pack,False,,,,,,,,,,,,,,,
8.0,0.0,0,10,1,ea,0.8,ea,$0.80/ 1ea,,False,available,,default,/3/3712391.jpg,Back of Store,Located in Aisle 4 at $STORE,1,Aisle 4,4.0,3079.79,1853.13,3712391,Melbourne Breakfast Tea Bags,T2,,T2 MELBOURNE BREAKFAST 10 PACK,10 Pack,False,EVERYDAY,Ends in 154 days,,,,,,,,,,,,,
9.5,0.0,0,10,1,ea,0.95,ea,$0.95/ 1ea,,False,available,,default,/3/3984336.jpg,Back of Store,Located in Aisle 4 at $STORE,1,Aisle 4,4.0,3079.79,1670.13,3984336,Espresso Nespresso Compatible Coffee Capsules,Vittoria,,VITTORIA ESPRESSO NESPRESSO COMPATIBLE COFFEE CAPSULES 10 PACK,10 Pack,False,,,,,,,,,,,,,,,
12.0,0.0,0,100,1,ea,0.12,ea,$0.12/ 1ea,,False,available,,default,/3/3984755.jpg,Back of Store,Located in Aisle 4 at $STORE,1,Aisle 4,4.0,3079.79,1853.13,3984755,English Breakfast Tea Bags,Queen Victoria,,QUEEN VICTORIA ENGLISH BREAKFAST TEA BAGS 100 PACK,100 Pack,False,,,,,,,,,,,,,,,
12.0,0.0,0,100,1,ea,0.12,ea,$0.12/ 1ea,,False,available,,default,/3/3984766.jpg,Back of Store,Located in Aisle 4 at $STORE,1,Aisle 4,4.0,3079.79,1853.13,3984766,English Breakfast Extra Strong Tea Bags,Queen Victoria,,QUEEN VICTORIA ENGLISH BREAKFAST EXTRA STRONG TEA BAGS 100 PACK,100 Pack,False,,,,,,,,,,,,,,,
1.5,2.2,0,10,1,ea,0.15,ea,$0.15/ 1ea,,False,not_available,,default,/3/3984562.jpg,Back of Store,Located in Aisle 4 at $STORE,1,Aisle 4,4.0,3079.79,1853.13,3984562,English Breakfast Tea Bags,Queen Victoria,,QUEEN VICTORIA TEA ENGLISH BREAKFAST TEA BAGS10 PACK,10 Pack,False,DOWNDOWN,Ends in 14 days,,,,,,,,,,,,,Was $2.20 on Jun 2026 
1.5,2.2,0,10,1,ea,0.15,ea,$0.15/ 1ea,,False,available,,default,/3/3984610.jpg,Back of Store,Located in Aisle 4 at $STORE,1,Aisle 4,4.0,3079.79,1853.13,3984610,Peppermint Tea Bags,Queen Victoria,,QUEEN VICTORIA PEPPERMINT TEA BAGS 10 PACK,10 Pack,False,DOWNDOWN,Ends in 14 days,,,,,,,,,,,,,Was $2.20 on Jun 2026 
12.0,0.0,0,100,1,ea,0.12,ea,$0.12/ 1ea,,False,available,,default,/3/3984799.jpg,Back of Store,Located in Aisle 4 at $STORE,1,Aisle 4,4.0,3079.79,1853.13,3984799,Peppermint Tea Bags,Queen Victoria,,QUEEN VICTORIA PEPPERMINT TEA BAGS 100 PACK,100 Pack,False,,,,,,,,,,,,,,,
8.0,0.0,0,10,1,ea,0.8,ea,$0.80/ 1ea,,False,available,,default,/3/3986728.jpg,Back of Store,Located in Aisle 4 at $STORE,1,Aisle 4,4.0,3079.79,1853.13,3986728,Sleep Tight Tea,T2,,T2 SLEEP TIGHT TEA 10 PACK,10 Pack,False,EVERYDAY,Ends in 154 days,,,,,,,,,,,,,
9.0,0.0,0,20,1,ea,0.45,ea,$0.45/ 1ea,,False,available,,default,/3/3988508.jpg,Back of Store,Located in Aisle 4 at $STORE,1,Aisle 4,4.0,3079.79,1853.13,3988508,Tea Peppermint & Licorice,Pukka,,PUKKA TEA PEPPERMINT & LICORICE 20 PACK,20 Pack,False,,,,,,,,,,,,,,,
16.0,0.0,0,20,1,ea,0.8,ea,$0.80/ 1ea,,False,available,,default,/3/3988621.jpg,Back of Store,Located in Aisle 4 at $STORE,1,Aisle 4,4.0,3079.79,1487.13,3988621,Espresso Blend Coffee Bag,Vittoria,,VITTORIA ESPRESSO BLEND COFFEE BAG 20 PACK,20 Pack,False,,,,,,,,,,,,,,,
11.0,0.0,0,20,1,ea,0.55,ea,$0.55/ 1ea,,False,available,,default,/4/4151970.jpg,Back of Store,Located in Aisle 4 at $STORE,1,Aisle 4,4.0,3079.79,1670.13,4151970,Espresso Nespresso Compatible Aluminium Coffee Capsules,Vittoria,,VITTORIA ESPRESSO NESPRESSO COMPATIBLE ALUMINIUM COFFEE CAPSULES 20 PACK,20 Pack,False,EVERYDAY,Ends in 133 days,,,,,,,,,,,,,
4.0,0.0,0,500,100,g,0.8,ea,$0.80/ 100g,,False,available,,default,/4/4487359.jpg,Back of Store,Located in Aisle 4 at $STORE,1,Aisle 4,4.0,3079.79,1487.13,4487359,Coffee Whitener Regular,Coles,,COLES COFFEE WHITENER:REGULAR:.:500 GRAM,500g,False,EVERYDAY,Ends in 133 days,,,,,,,,,,,,,
8.0,0.0,0,20,1,ea,0.4,ea,$0.40/ 1ea,,False,available,,default,/4/4651408.jpg,Back of Store,Located in Aisle 4 at $STORE,1,Aisle 4,4.0,3079.79,1853.13,4651408,Peach Iced Tea Sachets,Lipton,,LIPTON PEACH ICED TEA SACHETS 20 PACK,20 Pack,False,,,,,,,,,,,,,,,
7.0,0.0,0,200,100,g,3.5,ea,$3.50/ 100g,,False,available,,default,/4/4705573.jpg,Back of Store,Located in Aisle 4 at $STORE,2,Aisle 4,4.0,3079.79,1853.13,4705573,Premium Blend Black Leaf Tea,Madura,,MADURA PREMIUM BLEND LEAF TEA:BLACK:.:200GRAM,200g,False,,,,,,,,,,,,,,,
15.0,0.0,0,100,100,g,15.0,ea,$15.00/ 100g,,False,available,,default,/4/4737365.jpg,Back of Store,Located in Aisle 4 at $STORE,1,Aisle 4,4.0,3079.79,1487.13,4737365,Freeze Dried Mountain Grown Instant Coffee,Vittoria,,VITTORIA FREEZE DRIED MOUNTAIN GROWN INSTANT COFFEE 100G,100g,False,,,,,,,,,,,,,,,
7.9,0.0,0,10,1,ea,0.79,ea,$0.79/ 1ea,,False,available,,default,/4/4405649.jpg,Back of Store,Located in Aisle 4 at $STORE,1,Aisle 4,4.0,3079.79,1487.13,4405649,Cafe Classics Strong Cappuccino Coffee Sachets,Moccona,,MOCCONA CAFE CLASSICS STRONG CAPPUCCINO SACHETS 10 PACK,10 Pack,False,,,,,,,,,,,,,,,
2.7,0.0,0,10,1,ea,0.27,ea,$0.27/ 1ea,,False,available,,default,/4/4760120.jpg,Back of Store,Located in Aisle 4 at $STORE,1,Aisle 4,4.0,3079.79,1853.13,4760120,Green Tea And Lemon Tea Bags,Twining's,,TWININGS GREEN TEA & LEMON TEA BAGS 10 PACK,10 Pack,False,,,,,,,,,,MultibuyMultiSku,729864649,2,2.5,$0.25/ 1ea,
5.0,0.0,0,10,1,ea,0.5,ea,$0.50/ 1ea,,False,available,,default,/4/4782100.jpg,Back of Store,Located in Aisle 4 at $STORE,1,Aisle 4,4.0,3079.79,1670.13,4782100,Intense / Extreme Aluminium Nespresso Compatible Coffee Capsules,Daley Street,,DALEY STREET INTENSE / EXTREME ALUMINIUM NESPRESSO COMPATIBLE COFFEE CAPSULES 10 PACK,10 Pack,False,,,,,,,,,,MultibuyMultiSku,728376429,3,4.0,$0.40/ 1ea,
8.5,0.0,0,20,1,ea,0.43,ea,$0.43/ 1ea,,False,available,,default,/4/4984568.jpg,Back of Store,Located in Aisle 4 at $STORE,1,Aisle 4,4.0,3079.79,1853.13,4984568,Live Well Sleep+ Herbal Tea Bags,Twinings,,TWININGS LIVE WELL SLEEP+ HERBAL TEA BAGS 20 PACK,20 Pack,False,,,,,,,,,,,,,,,
8.5,0.0,0,18,1,ea,0.47,ea,$0.47/ 1ea,,False,available,,default,/4/4984590.jpg,Back of Store,Located in Aisle 4 at $STORE,1,Aisle 4,4.0,3079.79,1853.13,4984590,Live Well Probiotic Blend Tea Bags,Twinings,,TWININGS LIVE WELL PROBIOTIC BLEND TEA BAGS 18 PACK,18 Pack,False,,,,,,,,,,,,,,,
8.5,0.0,0,22,1,ea,0.39,ea,$0.39/ 1ea,,False,available,,default,/4/4985593.jpg,Back of Store,Located in Aisle 4 at $STORE,1,Aisle 4,4.0,3079.79,1853.13,4985593,Live Well Sleep Well Tea Bags,Twinings,,TWININGS LIVE WELL SLEEP WELL TEA BAGS 22 PACK,22 Pack,False,,,,,,,,,,,,,,,
8.5,0.0,0,22,1,ea,0.39,ea,$0.39/ 1ea,,False,available,,default,/4/4986133.jpg,Back of Store,Located in Aisle 4 at $STORE,1,Aisle 4,4.0,3079.79,1853.13,4986133,Live Well Digest Tea Bags,Twinings,,TWININGS LIVE WELL DIGEST TEA BAGS 22 PACK,22 Pack,False,,,,,,,,,,,,,,,
8.5,0.0,0,20,1,ea,0.43,ea,$0.43/ 1ea,,False,available,,default,/4/4986268.jpg,Back of Store,Located in Aisle 4 at $STORE,1,Aisle 4,4.0,3079.79,1853.13,4986268,Live Well Defense Tea Bags,Twinings,,TWININGS LIVE WELL DEFENCE+ TEA BAGS 20 PACK,20 Pack,False,,,,,,,,,,,,,,,
8.5,0.0,0,50,1,ea,0.17,ea,$0.17/ 1ea,,False,available,,default,/5/5060746.jpg,Back of Store,Located in Aisle 4 at $STORE,2,Aisle 4,4.0,3079.79,1853.13,5060746,Green Tea & Lemon Tea Bags,Twinings,,TWININGS GREEN TEA & LEMON TEA BAGS 50 PACK,100g,False,,,,,,,,,,,,,,,
5.0,7.0,0,18,1,ea,0.28,ea,$0.28/ 1ea,,False,available,,default,/4/4971759.jpg,Back of Store,Located in Aisle 4 at $STORE,1,Aisle 4,4.0,3079.79,1853.13,4971759,Sleepy Blend Tea Bags,Queen Victoria Tea,,QUEEN VICTORIA TEA SLEEPY BLEND TEA BAGS 18 PACK,18 Pack,False,DOWNDOWN,Ends in 14 days,,,,,,,,,,,,,Was $7.00 on Jun 2026 
5.0,7.0,0,18,1,ea,0.28,ea,$0.28/ 1ea,,False,available,,default,/4/4971770.jpg,Back of Store,Located in Aisle 4 at $STORE,1,Aisle 4,4.0,3079.79,1853.13,4971770,Digest Blend Tea Bags,Queen Victoria Tea,,QUEEN VICTORIA TEA DIGEST BLEND TEA BAGS 18 PACK,18 Pack,False,DOWNDOWN,Ends in 14 days,,,,,,,,,,,,,Was $7.00 on Jun 2026 
3.5,0.0,0,10,1,ea,0.35,ea,$0.35/ 1ea,,False,available,,default,/5/5020887.jpg,Back of Store,Located in Aisle 4 at $STORE,1,Aisle 4,4.0,3079.79,1670.13,5020887,Urban Coffee Culture Intense Aluminium,Coles,,COLES URBAN COFFEE CULTURE INTENSE 10 PACK ALUMINIUM,10 Pack,False,,,,,,,,,,,,,,,
8.7,0.0,0,10,1,ea,0.87,ea,$0.87/ 1ea,,False,available,,default,/4/4823693.jpg,Back of Store,Located in Aisle 4 at $STORE,1,Aisle 4,4.0,3079.79,1670.13,4823693,Espresso Caramel Coffee Capsules Nespresso* Compatible,L'OR,,L'OR ESPRESSO CARAMEL COFFEE CAPSULES NESPRESSO* COMPATIBLE 10PK,10 Pack,False,,,,,,,,,,,,,,,
39.0,0.0,0,400,100,g,9.75,ea,$9.75/ 100g,,False,available,,default,/4/4824030.jpg,Back of Store,Located in Aisle 4 at $STORE,1,Aisle 4,4.0,3079.79,1487.13,4824030,Freeze Dried Classic Instant Coffee,Vittoria,,VITTORIA FREEZE DRIED CLASSIC INSTANT COFFEE 400G,400g,False,,,,,,,,,,,,,,,
39.0,0.0,0,400,100,g,9.75,ea,$9.75/ 100g,,False,available,,default,/4/4824255.jpg,Back of Store,Located in Aisle 4 at $STORE,1,Aisle 4,4.0,3079.79,1487.13,4824255,Freeze Dried Italian Instant Coffee,Vittoria,,VITTORIA FREEZE DRIED ITALIAN INSTANT COFFEE 400G,400g,False,,,,,,,,,,,,,,,
39.0,0.0,0,400,100,g,9.75,ea,$9.75/ 100g,,False,available,,default,/4/4824379.jpg,Back of Store,Located in Aisle 4 at $STORE,1,Aisle 4,4.0,3079.79,1487.13,4824379,Freeze Dried Latte Instant Coffee,Vittoria,,VITTORIA FREEZE DRIED LATTE INSTANT COFFEE 400G,400g,False,,,,,,,,,,,,,,,
2.7,0.0,0,10,1,ea,0.27,ea,$0.27/ 1ea,,False,available,,default,/5/5359638.jpg,Back of Store,Located in Aisle 4 at $STORE,1,Aisle 4,4.0,3079.79,1853.13,5359638,Pure Peppermint Infusions Tea Bags,Twining's,,TWININGS PURE PEPPERMINT INFUSIONS TEA BAGS 10 PACKS,10 Pack,False,,,,,,,,,,MultibuyMultiSku,729864649,2,2.5,$0.25/ 1ea,
26.0,0.0,0,400,100,g,6.5,ea,$6.50/ 100g,,False,available,,default,/5/5578314.jpg,Back of Store,Located in Aisle 4 at $STORE,2,Aisle 4,4.0,3079.79,1487.13,5578314,Gold Original Blend,Nescafe,,NESCAFE GOLD ORIGINAL SOLUBLE INSTANT COFFEE 400G,400g,False,EVERYDAY,Ends in 133 days,,,,,,,,,,,,,
2.7,0.0,0,10,1,ea,0.27,ea,$0.27/ 1ea,,False,available,,default,/5/5984870.jpg,Back of Store,Located in Aisle 4 at $STORE,1,Aisle 4,4.0,3079.79,1853.13,5984870,Lemon & Ginger Infusions Tea Bags,Twinings,,TWININGS LEMON & GINGER INFUSIONS TEA BAGS 10 PACK,15g,False,,,,,,,,,,MultibuyMultiSku,729864649,2,2.5,$0.25/ 1ea,
9.5,12.0,0,200,100,g,4.75,ea,$4.75/ 100g,,False,available,,default,/5/5992652.jpg,Back of Store,Located in Aisle 4 at $STORE,1,Aisle 4,4.0,3079.79,1670.13,5992652,Decaf Ground Coffee,Daley Street,,DALEY ST DECAF GROUND COFFEE 200G,200g,False,DOWNDOWN,Ends in 7 days,,,,,,,,,,,,,Was $12.00 on Jun 2026 
8.5,0.0,0,20,1,ea,0.43,ea,$0.43/ 1ea,,False,available,,default,/6/6264515.jpg,Back of Store,Located in Aisle 4 at $STORE,1,Aisle 4,4.0,3079.79,1853.13,6264515,Livewell Metabolism + Zinc Tea Bag,Twinings,,TWININGS LIVE WELL METABOLISM + ZINC BLEND 20PACK,20 Pack,False,,,,,,,,,,,,,,,
6.0,0.0,0,40,1,ea,0.15,ea,$0.15/ 1ea,,False,available,,default,/6/6384980.jpg,Back of Store,Located in Aisle 4 at $STORE,1,Aisle 4,4.0,3079.79,1853.13,6384980,Camomile Herbal Infusion Tea Bags 40 Pack,Nerada,,NERADA ORGANIC TEA BAGS:CAMOMILE:.:40 PACK,60g,False,,,,,,,,,,,,,,,
16.0,0.0,0,20,1,ea,0.8,ea,$0.80/ 1ea,,False,available,,default,/6/6395229.jpg,Back of Store,Located in Aisle 4 at $STORE,1,Aisle 4,4.0,3079.79,1487.13,6395229,Long Black Blend Coffee Bag,Vittoria,,VITTORIA LONG BLACK BLEND COFFEE BAG 20 PACK,20 Pack,False,,,,,,,,,,,,,,,
,,,,,,,,,,,not_available,,default,/6/6169627.jpg,Back of Store,Located in Aisle 4 at $STORE,1,Aisle 4,4.0,3079.79,1487.13,6169627,Coffee Mocha 180g,Coles,,COLES COFFEE MOCHA 180GRAM,10 Pack,False,,,,,,,,,,,,,,,
14.5,0.0,0,25,1,ea,0.58,ea,$0.58/ 1ea,,False,available,,default,/6/6200046.jpg,Back of Store,Located in Aisle 4 at $STORE,1,Aisle 4,4.0,3079.79,1853.13,6200046,Just Chamomile Tea Bags,T2,,T2 JUST CHAMOMILE TEA BAGS 25PK,25 Pack,False,EVERYDAY,Ends in 154 days,,,,,,,,,,,,,
13.5,0.0,0,80,1,ea,0.17,ea,$0.17/ 1ea,,False,available,,default,/6/6253712.jpg,Back of Store,Located in Aisle 4 at $STORE,2,Aisle 4,4.0,3079.79,1853.13,6253712,French Earl Grey Tea Bags,Twinings,,TWININGS FRENCH EARL GREY TEA BAGS 80 PACK,80 Pack,False,,,,,,,,,,,,,,,
8.5,0.0,0,40,1,ea,0.21,ea,$0.21/ 1ea,,False,available,,default,/6/6811254.jpg,Back of Store,Located in Aisle 4 at $STORE,1,Aisle 4,4.0,3079.79,1853.13,6811254,Pure Peppermint Herbal Infusions Tea Bags 40 pack,Twinings,,TWININGS PURE PEPPERMINT INFUSIONS TEA BAGS 40 PACK,80g,False,,,,,,,,,,,,,,,
13.5,0.0,0,100,1,ea,0.14,ea,$0.14/ 1ea,,False,available,,default,/6/6816666.jpg,Back of Store,Located in Aisle 4 at $STORE,2,Aisle 4,4.0,3079.79,1853.13,6816666,Pure Green Tea Bags 100 Pack,Twinings,,TWININGS TEA GREEN PURE 100 PACK,150g,False,,,,,,,,,,,,,,,
8.5,0.0,0,50,1,ea,0.17,ea,$0.17/ 1ea,,False,available,,default,/6/6818989.jpg,Back of Store,Located in Aisle 4 at $STORE,1,Aisle 4,4.0,3079.79,1853.13,6818989,English Breakfast Tea Bags 50 Pack,Twinings,,TWININGS TEA BAGS:ENGLISH BREAKFST:.:50 PACK,100g,False,,,,,,,,,,,,,,,
12.5,0.0,0,26,1,ea,0.48,ea,$0.48/ 1ea,,False,available,,default,/7/7125660.jpg,Back of Store,Located in Aisle 4 at $STORE,1,Aisle 4,4.0,3079.79,1487.13,7125660,Cappuccino Decaf Coffee Sachets,Nescafe,,NESCAFE CAPPUCCINO DECAF COFFEE SACHETS 26 PACK,26 Pack,False,EVERYDAY,Ends in 133 days,,,,,,,,,,,,,
2.7,0.0,0,10,1,ea,0.27,ea,$0.27/ 1ea,,False,available,,default,/7/7127440.jpg,Back of Store,Located in Aisle 4 at $STORE,1,Aisle 4,4.0,3079.79,1853.13,7127440,Pure Green Tea Bags 10 Pack,Twinings,,TWININGS TEA BAGS:JAVA GREEN:.:10PACK,15g,False,,,,,,,,,,MultibuyMultiSku,729864649,2,2.5,$0.25/ 1ea,
26.0,0.0,0,1000,100,g,2.6,ea,$2.60/ 100g,,False,available,,default,/7/7656656.jpg,Back of Store,Located in Aisle 4 at $STORE,2,Aisle 4,4.0,3079.79,1670.13,7656656,Urban Coffee Culture Strong Beans,Coles,,COLES URBAN COFFEE CULTURE STRONG COFFEE BEANS 1KG,1kg,False,EVERYDAY,Ends in 315 days,,,,,,,,,,,,,
9.7,0.0,0,32,1,ea,0.3,ea,$0.30/ 1ea,,False,available,,default,/7/7032628.jpg,Back of Store,Located in Aisle 4 at $STORE,1,Aisle 4,4.0,3079.79,1853.13,7032628,Tea Bags Dandelion,Bonvit,,BONVIT TEA BAGS DANDELION 32 PACK,32 Pack,False,,,,,,,,,,,,,,,
23.0,0.0,0,200,100,g,11.5,ea,$11.50/ 100g,,False,available,,default,/8/8009202.jpg,Back of Store,Located in Aisle 4 at $STORE,1,Aisle 4,4.0,3079.79,1487.13,8009202,Freeze Dried Instant Espresso Coffee No 3,Vittoria,,VITTORIA FREEZE DRIED INSTANT ESPRESSO COFFEE #3,200g,False,,,,,,,,,,,,,,,
13.5,0.0,0,80,1,ea,0.17,ea,$0.17/ 1ea,,False,available,,default,/7/7488100.jpg,Back of Store,Located in Aisle 4 at $STORE,2,Aisle 4,4.0,3079.79,1853.13,7488100,Pure Peppermint Infusions Tea Bags,Twinings,,TWININGS PURE PEPPERMINT INFUSIONS TEA BAGS 80 PACK,160g,False,,,,,,,,,,,,,,,
7.9,0.0,0,18,1,ea,0.44,ea,$0.44/ 1ea,,False,available,,default,/7/7488653.jpg,Back of Store,Located in Aisle 4 at $STORE,1,Aisle 4,4.0,3079.79,1853.13,7488653,Green Jasmine & Pear Tea Bags18 Pack,Madame Flavour,,MADAME FLAVOUR GREEN JASMINE PEAR TEA BAGS 18 PACK,36g,False,,,,,,,,,,,,,,,
7.0,0.0,0,240,100,g,2.92,ea,$2.92/ 100g,,False,available,,default,/7/7490178.jpg,Back of Store,Located in Aisle 4 at $STORE,1,Aisle 4,4.0,3079.79,1853.13,7490178,Vanilla Chai Tea,Arkadia,,ARKADIA CHAI TEA:VANILLA:.:240 GRAM,240g,False,,,,,,,,,,,,,,,
39.0,0.0,0,400,100,g,9.75,ea,$9.75/ 100g,,False,available,,default,/8/8009450.jpg,Back of Store,Located in Aisle 4 at $STORE,1,Aisle 4,4.0,3079.79,1487.13,8009450,Freeze Dried Black Valley Instant Coffee,Vittoria,,VITTORIA FREEZE DRIED BLACK VALLEY INSTANT COFFEE 400G,400g,False,,,,,,,,,,,,,,,
14.5,0.0,0,100,100,g,14.5,ea,$14.50/ 100g,,False,available,,default,/8/8049750.jpg,Back of Store,Located in Aisle 4 at $STORE,2,Aisle 4,4.0,3079.79,1487.13,8049750,Gold Original Premium Instant Coffee,Nescafe,,NESCAFE GOLD ORIGINAL SOLUBLE INSTANT COFFEE 100G,100g,False,,,,,,,,,,,,,,,
11.0,0.0,0,500,100,ml,2.2,ea,$2.20/ 100mL,,False,available,,default,/8/8055673.jpg,Back of Store,Located in Aisle 4 at $STORE,1,Aisle 4,4.0,3079.79,1670.13,8055673,Espresso Concentrate Sweet Vanilla Liquid Coffee,Nescafe,,NESCAFE ESPRESSO CONCENTRATE SWEET VANILLA LIQUID COFFEE 500ML,500mL,False,,,,,,,,,,MultibuyMultiSku,730214096,2,8.0,$1.60/ 100mL,
38.0,0.0,0,500,100,g,7.6,ea,$7.60/ 100g,,False,available,,default,/8/8057282.jpg,Back of Store,Located in Aisle 4 at $STORE,1,Aisle 4,4.0,3079.79,1670.13,8057282,Decaf Coffee Beans,Vittoria,,VITTORIA DECAF COFFEE BEANS 500G,500g,False,,,,,,,,,,,,,,,
38.0,0.0,0,500,100,g,7.6,ea,$7.60/ 100g,,False,available,,default,/8/8057330.jpg,Back of Store,Located in Aisle 4 at $STORE,1,Aisle 4,4.0,3079.79,1670.13,8057330,Espresso Magic Coffee,Vittoria,,VITTORIA ESPRESSO MAGIC COFFEE 500G,500g,False,,,,,,,,,,,,,,,
14.0,0.0,0,200,100,g,7.0,ea,$7.00/ 100g,,False,available,,default,/8/8059608.jpg,Back of Store,Located in Aisle 4 at $STORE,1,Aisle 4,4.0,3079.79,1670.13,8059608,Crema Ground Coffee,Grinders,,GRINDERS CREMA GROUND COFFEE 200G,200g,False,,,,,,,,,,,,,,,
8.0,0.0,0,8,1,ea,1.0,ea,$1.00/ 1ea,,False,available,,default,/8/8059787.jpg,Back of Store,Located in Aisle 4 at $STORE,1,Aisle 4,4.0,3079.79,1487.13,8059787,Mocha Original,Milo,,MILO MOCHA ORIGINAL 8 PACK,8 Pack,False,,,,,,,,,,,,,,,
4.9,0.0,0,15,1,ea,0.33,ea,$0.33/ 1ea,,False,available,,default,/8/8066910.jpg,Back of Store,Located in Aisle 4 at $STORE,1,Aisle 4,4.0,3079.79,1853.13,8066910,Restful Nights Tea Bags,Higher Living,,HIGHER LIVING RESTFUL NIGHTS TEA BAGS 15 PACK,15 Pack,False,,,,,,,,,,,,,,,
10.0,0.0,0,200,1,ea,0.05,ea,$0.05/ 1ea,,False,available,,default,/8/8102423.jpg,Back of Store,Located in Aisle 4 at $STORE,2,Aisle 4,4.0,3079.79,1853.13,8102423,Quality Black Tea Bags,Lipton,,LIPTON QUALITY BLACK TEA BAGS 200 PACK,200 Pack,False,EVERYDAY,Ends in 133 days,,,,,,,,,,,,,
6.7,0.0,0,8,1,ea,0.84,ea,$0.84/ 1ea,,False,available,,default,/8/8797573.jpg,Back of Store,Located in Aisle 4 at $STORE,1,Aisle 4,4.0,3079.79,1853.13,8797573,Classic Chai Latte Tea Sachets 8 pack,Tetley,,TETLEY CHAI LATTE:CLASSIC,200g,False,,,,,,,,,,,,,,,
17.0,0.0,0,100,100,g,17.0,ea,$17.00/ 100g,,False,available,,default,/8/8648019.jpg,Back of Store,Located in Aisle 4 at $STORE,1,Aisle 4,4.0,3079.79,1487.13,8648019,100% Pure Coffee Decaffeinated,Republica,,REPUBLICA 100% PURE COFFEE DECAFFEINATED,100g,False,,,,,,,,,,,,,,,
2.7,0.0,0,10,1,ea,0.27,ea,$0.27/ 1ea,,False,available,,default,/8/8729530.jpg,Back of Store,Located in Aisle 4 at $STORE,1,Aisle 4,4.0,3079.79,1853.13,8729530,Strawberry Raspberry & Loganberry Infusions Tea Bags,Twining's,,TWININGS STRAWBERRY- RASPBERRY- LOGANBERRY INFUSIONS TEA BAGS 10 PACK,10 Pack,False,,,,,,,,,,MultibuyMultiSku,729864649,2,2.5,$0.25/ 1ea,
2.7,0.0,0,10,1,ea,0.27,ea,$0.27/ 1ea,,False,available,,default,/8/8729562.jpg,Back of Store,Located in Aisle 4 at $STORE,1,Aisle 4,4.0,3079.79,1853.13,8729562,Cranberry &  Pomegranate Infusions Tea Bags,Twinings,,TWININGS CRANBERRY & POMEGRANATE INFUSIONS TEA BAGS 10 PACK,10 Pack,False,,,,,,,,,,MultibuyMultiSku,729864649,2,2.5,$0.25/ 1ea,
13.5,0.0,0,100,1,ea,0.14,ea,$0.14/ 1ea,,False,available,,default,/8/8930039.jpg,Back of Store,Located in Aisle 4 at $STORE,2,Aisle 4,4.0,3079.79,1853.13,8930039,Australian Afternoon Tea Bags,Twinings,,TWININGS AUSTRALIAN AFTERNOON TEA BAGS 100 PACK,100 Pack,False,,,,,,,,,,,,,,,
2.7,0.0,0,10,1,ea,0.27,ea,$0.27/ 1ea,,False,available,,default,/8/8930323.jpg,Back of Store,Located in Aisle 4 at $STORE,1,Aisle 4,4.0,3079.79,1853.13,8930323,Australian Afternoon Tea Bags 10 Pack,Twinings,,TWININGS TEA BAGS:AUSTRALIAN AFTERNOON TEA:.:10 PACK,20g,False,,,,,,,,,,MultibuyMultiSku,729864649,2,2.5,$0.25/ 1ea,
6.9,0.0,0,100,1,ea,0.07,ea,$0.07/ 1ea,,False,available,,default,/8/8959948.jpg,Back of Store,Located in Aisle 4 at $STORE,2,Aisle 4,4.0,3079.79,1853.13,8959948,Decaffeinated Black Tea Bags 100 pack,Tetley,,TETLEY TEA BAGS DECAF 100 PACK,185g,False,,,,,,,,,,,,,,,
7.0,0.0,0,40,1,ea,0.18,ea,$0.18/ 1ea,,False,available,,default,/9/9161122.jpg,Back of Store,Located in Aisle 4 at $STORE,1,Aisle 4,4.0,3079.79,1853.13,9161122,African Tea Bags,Just Rooibos,,JUST ROOIBOS AFRICAN TEA BAGS 40 PACK,40 Pack,False,EVERYDAY,Ends in 315 days,,,,,,,,,,,,,
8.0,0.0,0,10,1,ea,0.8,ea,$0.80/ 1ea,,False,available,,default,/9/9577540.jpg,Back of Store,Located in Aisle 4 at $STORE,1,Aisle 4,4.0,3079.79,1487.13,9577540,Cappuccino Coffee Sachets,Nescafe,,NESCAFE CAPPUCCINO COFFEE SACHETS 10 PACK,10 Pack,False,,,,,,,,,,,,,,,
37.5,0.0,0,400,100,g,9.38,ea,$9.38/ 100g,,False,available,,default,/9/9693915.jpg,Back of Store,Located in Aisle 4 at $STORE,2,Aisle 4,4.0,3079.79,1487.13,9693915,Classic Medium Roast Instant Coffee,Moccona,,MOCCONA CLASSIC COFFEE:FREEZE DRIED:.:400GRAM,400g,False,,,,,,,,,,,,,,,
20.0,0.0,0,30,1,ea,0.67,ea,$0.67/ 1ea,,False,available,,default,/1/1032534.jpg,Back of Store,Located in Aisle 4 at $STORE,1,Aisle 4,4.0,3079.79,1670.13,1032534,Espresso Supremo Intensity 10 Coffee Capsules Nespresso* Compatible,L'Or,,L'OR ESPRESSO SUPREMO INTENSITY 10 COFFEE CAPSULES NESPRESSO* COMPATIBLE 30 PACK,30 Pack,False,,,,,,,,,,,,,,,
7.9,0.0,0,10,1,ea,0.79,ea,$0.79/ 1ea,,False,available,,default,/1/1049366.jpg,Back of Store,Located in Aisle 4 at $STORE,1,Aisle 4,4.0,3079.79,1487.13,1049366,99% Sugar Free Latte Coffee Sachets,Moccona,,MOCCONA 99% SUGAR FREE LATTE COFFEE SACHETS 10 PACK,10 Pack,False,,,,,,,,,,,,,,,
13.5,0.0,0,150,100,g,9.0,ea,$9.00/ 100g,,False,available,,default,/1/1052418.jpg,Back of Store,Located in Aisle 4 at $STORE,1,Aisle 4,4.0,3079.79,1487.13,1052418,Blend 43 Decaf Instant Coffee Jar,Nescafe,,NESCAFE BLEND 43 DECAF INSTANT COFFEE JAR 150G,150g,False,EVERYDAY,Ends in 133 days,,,,,,,,,,,,,
8.0,0.0,0,8,1,ea,1.0,ea,$1.00/ 1ea,,False,not_available,,default,/1/1508317.jpg,Back of Store,Located in Aisle 4 at $STORE,1,Aisle 4,4.0,3079.79,1487.13,1508317,Hazelnut Praline Iced Latte Coffee Sachets,Nescafe,,NESCAFE HAZELNUT PRALINE ICED LATTE COFFEE SACHETS 8 PACK,8 Pack,False,,,,,,,,,,,,,,,
